<?xml version="1.0" encoding="UTF-8" ?>
<OpenSimDocument Version="40000">
	<AnalyzeTool name="subject01">
		<!--Name of the .osim file used to construct a model.-->
		<model_file>Sub01_Scaled_adjusted.osim</model_file>
		<!--Replace the model's force set with sets specified in <force_set_files>? If false, the force set is appended to.-->
		<replace_force_set>false</replace_force_set>
		<!--List of xml files used to construct a force set for the model.-->
		<force_set_files> gait2392_CMC_Actuators.xml</force_set_files>
		<!--Directory used for writing results.-->
		<results_directory>ResultsInducedAccelerations</results_directory>
		<!--Output precision.  It is 8 by default.-->
		<output_precision>8</output_precision>
		<!--Initial time for the simulation.-->
		<initial_time>0.93400000000000005</initial_time>
		<!--Final time for the simulation.-->
		<final_time>1.228</final_time>
		<!--Set of analyses to be run during the investigation.-->
		<AnalysisSet name="Analyses">
			<objects>
				<InducedAccelerations name="InducedAccelerations">
					<!--Flag (true or false) specifying whether on. True by default.-->
					<on>true</on>
					<!--Start time.-->
					<start_time>0.93400000000000005</start_time>
					<!--End time.-->
					<end_time>1.228</end_time>
					<!--Specifies how often to store results during a simulation. More specifically, the interval (a positive integer) specifies how many successful integration steps should be taken before results are recorded again.-->
					<step_interval>40</step_interval>
					<!--Flag (true or false) indicating whether the results are in degrees or not.-->
					<in_degrees>true</in_degrees>
					<!--Names of the coordinates for which to compute induced accelerations.The key word 'All' indicates that the analysis should be performed for all coordinates.-->
					<coordinate_names />
					<!--Names of the bodies for which to compute induced accelerations.The key word 'All' indicates that the analysis should be performed for all bodies.Use 'center_of_mass' to indicate the induced accelerations of the system center of mass.-->
					<body_names> center_of_mass</body_names>
					<!--Specify the constraints used to replace external forces applied to run the forward simulation. Currently, RollingOnSurfaceConstraint, PointConstraint and WeldConstraint are supported. There must be as many constraints listed as external forces applied to the model. Constraints must be between the body to which the external force is applied and ground.-->
					<ConstraintSet>
						<objects>
							<RollingOnSurfaceConstraint name="right_foot_contact">
								<!--Flag indicating whether the constraint is enforced or not.Enforced means that the constraint is active in subsequent dynamics realizations. NOTE: Prior to OpenSim 4.0, this behavior was controlled by the 'isDisabled' property, where 'true' meant the constraint was not being enforced. Thus, if 'isDisabled' is'true', then 'isEnforced' is false.-->
								<isEnforced>true</isEnforced>
								<!--Path to a Component that satisfies the Socket 'rolling_body' of type PhysicalFrame (description: A frame fixed to the rolling body.).-->
								<rolling_body>calcn_r</rolling_body>
								<!--Path to a Component that satisfies the Socket 'surface_body' of type PhysicalFrame (description: A frame fixed to the surface body.).-->
								<surface_body>ground</surface_body>
								<!--Surface normal direction in the surface body.-->
								<surface_normal>0 1 0</surface_normal>
								<!--Coulomb friction coefficient for rolling on the surface.-->
								<friction_coefficient>0.65000000000000002</friction_coefficient>
								<!--A guess at the area of contact approximated by a circle of radius.-->
								<contact_radius>0.01</contact_radius>
							</RollingOnSurfaceConstraint>
							<RollingOnSurfaceConstraint name="left_foot_contact">
								<!--Flag indicating whether the constraint is enforced or not.Enforced means that the constraint is active in subsequent dynamics realizations. NOTE: Prior to OpenSim 4.0, this behavior was controlled by the 'isDisabled' property, where 'true' meant the constraint was not being enforced. Thus, if 'isDisabled' is'true', then 'isEnforced' is false.-->
								<isEnforced>true</isEnforced>
								<!--Path to a Component that satisfies the Socket 'rolling_body' of type PhysicalFrame (description: A frame fixed to the rolling body.).-->
								<rolling_body>calcn_l</rolling_body>
								<!--Path to a Component that satisfies the Socket 'surface_body' of type PhysicalFrame (description: A frame fixed to the surface body.).-->
								<surface_body>ground</surface_body>
								<!--Surface normal direction in the surface body.-->
								<surface_normal>0 1 0</surface_normal>
								<!--Coulomb friction coefficient for rolling on the surface.-->
								<friction_coefficient>0.65000000000000002</friction_coefficient>
								<!--A guess at the area of contact approximated by a circle of radius.-->
								<contact_radius>0.01</contact_radius>
							</RollingOnSurfaceConstraint>
						</objects>
						<groups />
					</ConstraintSet>
					<!--The minimum amount of external force (N) that is necessary to be replaced with a constraint.-->
					<force_threshold>6</force_threshold>
					<!--Only compute the potential (acceleration/force) of an actuator to accelerate the model.-->
					<compute_potentials_only>true</compute_potentials_only>
					<!--Report individual contributions to constraint reactions in addition to accelerations.-->
					<report_constraint_reactions>true</report_constraint_reactions>
				</InducedAccelerations>
			</objects>
			<groups />
		</AnalysisSet>
		<!--Controller objects in the model.-->
		<ControllerSet name="Controllers">
			<objects>
				<ControlSetController name="controlsetcontroller">
					<!--A Storage (.sto) or an XML control nodes file containing the controls for this controlSet.-->
					<controls_file>CMC_controls.xml</controls_file>
				</ControlSetController>
			</objects>
			<groups />
		</ControllerSet>
		<!--XML file (.xml) containing the forces applied to the model as ExternalLoads.-->
		<external_loads_file>GRF_RL.xml</external_loads_file>
		<!--Storage file (.sto) containing the time history of states for the model. This file often contains multiple rows of data, each row being a time-stamped array of states. The first column contains the time.  The rest of the columns contain the states in the order appropriate for the model. In a storage file, unlike a motion file (.mot), non-uniform time spacing is allowed.  If the user-specified initial time for a simulation does not correspond exactly to one of the time stamps in this file, interpolation is NOT used because it is sometimes necessary to use an exact set of states for analyses.  Instead, the closest earlier set of states is used.-->
		<states_file>CMC_states.sto</states_file>
		<!--Motion file (.mot) or storage file (.sto) containing the time history of the generalized coordinates for the model. These can be specified in place of the states file.-->
		<coordinates_file />
		<!--Storage file (.sto) containing the time history of the generalized speeds for the model. If coordinates_file is used in place of states_file, these can be optionally set as well to give the speeds. If not specified, speeds will be computed from coordinates by differentiation.-->
		<speeds_file />
		<!--Low-pass cut-off frequency for filtering the coordinates_file data (currently does not apply to states_file or speeds_file). A negative value results in no filtering. The default value is -1.0, so no filtering.-->
		<lowpass_cutoff_frequency_for_coordinates>-1</lowpass_cutoff_frequency_for_coordinates>
	</AnalyzeTool>
</OpenSimDocument>
